Image_ID...1,set_3_mRNA_molecules,lin_41_mRNA_molecules,Image_ID...4,subdirectory,Cell_Stage,Strain
240702_DG5919_01,670,19787,quantification_DG5919-all-reps-2-cell,2-cell_DG5919,2-cell,DG5919
240702_DG5919_03,765,13128,quantification_DG5919-all-reps-2-cell,2-cell_DG5919,2-cell,DG5919
240702_DG5919_04,991,16877,quantification_DG5919-all-reps-2-cell,2-cell_DG5919,2-cell,DG5919
240702_DG5919_07,1153,16990,quantification_DG5919-all-reps-2-cell,2-cell_DG5919,2-cell,DG5919
240703_DG5919_02,583,15161,quantification_DG5919-all-reps-2-cell,2-cell_DG5919,2-cell,DG5919
240703_DG5919_03,265,5565,quantification_DG5919-all-reps-2-cell,2-cell_DG5919,2-cell,DG5919
240703_DG5919_04,977,12738,quantification_DG5919-all-reps-2-cell,2-cell_DG5919,2-cell,DG5919
240703_DG5919_05,612,7778,quantification_DG5919-all-reps-2-cell,2-cell_DG5919,2-cell,DG5919
240703_DG5919_06,942,9804,quantification_DG5919-all-reps-2-cell,2-cell_DG5919,2-cell,DG5919
240703_DG5919_09,1098,8752,quantification_DG5919-all-reps-2-cell,2-cell_DG5919,2-cell,DG5919
240703_DG5919_10,190,9734,quantification_DG5919-all-reps-2-cell,2-cell_DG5919,2-cell,DG5919
240724_DG5919_01,1166,10364,quantification_DG5919-all-reps-2-cell,2-cell_DG5919,2-cell,DG5919
240724_DG5919_02,1196,15079,quantification_DG5919-all-reps-2-cell,2-cell_DG5919,2-cell,DG5919
240724_DG5919_03,735,20497,quantification_DG5919-all-reps-2-cell,2-cell_DG5919,2-cell,DG5919
240724_DG5919_05,1281,18156,quantification_DG5919-all-reps-2-cell,2-cell_DG5919,2-cell,DG5919
240724_DG5919_08,922,13248,quantification_DG5919-all-reps-2-cell,2-cell_DG5919,2-cell,DG5919
240724_DG5919_09,1744,18410,quantification_DG5919-all-reps-2-cell,2-cell_DG5919,2-cell,DG5919
240724_DG5919_11,1431,13077,quantification_DG5919-all-reps-2-cell,2-cell_DG5919,2-cell,DG5919
240724_DG5919_12,666,12500,quantification_DG5919-all-reps-2-cell,2-cell_DG5919,2-cell,DG5919
240724_DG5919_13,1525,14869,quantification_DG5919-all-reps-2-cell,2-cell_DG5919,2-cell,DG5919
240823_DG5965_08,375,16144,quantification_DG5965-all-reps-2-cell-bright,2-cell_DG5965_bright,2-cell,DG5965_bright
240823_DG5965_16,673,12433,quantification_DG5965-all-reps-2-cell-bright,2-cell_DG5965_bright,2-cell,DG5965_bright
240823_DG5965_01,1171,19827,quantification_DG5965-all-reps-2-cell-bright,2-cell_DG5965_bright,2-cell,DG5965_bright
240823_DG5965_10,147261,16341,quantification_DG5965-all-reps-2-cell-bright,2-cell_DG5965_bright,2-cell,DG5965_bright
240823_DG5965_07,737,14215,quantification_DG5965-all-reps-2-cell-bright,2-cell_DG5965_bright,2-cell,DG5965_bright
240823_DG5965_19,429,9305,quantification_DG5965-all-reps-2-cell-bright,2-cell_DG5965_bright,2-cell,DG5965_bright
240827_DG5965_09,1730,15023,quantification_DG5965-all-reps-2-cell-bright,2-cell_DG5965_bright,2-cell,DG5965_bright
240827_DG5965_12,1614,17164,quantification_DG5965-all-reps-2-cell-bright,2-cell_DG5965_bright,2-cell,DG5965_bright
240827_DG5965_05,820,17114,quantification_DG5965-all-reps-2-cell-bright,2-cell_DG5965_bright,2-cell,DG5965_bright
240726_DG5965_02,771,8733,quantification_DG5965-all-reps-2-cell-dark,2-cell_DG5965_dark,2-cell,DG5965_dark
240726_DG5965_05,151,10059,quantification_DG5965-all-reps-2-cell-dark,2-cell_DG5965_dark,2-cell,DG5965_dark
240726_DG5965_07,595188,14111,quantification_DG5965-all-reps-2-cell-dark,2-cell_DG5965_dark,2-cell,DG5965_dark
240726_DG5965_08,622,14523,quantification_DG5965-all-reps-2-cell-dark,2-cell_DG5965_dark,2-cell,DG5965_dark
240821_DG5965_12,41578,12608,quantification_DG5965-all-reps-2-cell-dark,2-cell_DG5965_dark,2-cell,DG5965_dark
240821_DG5965_06,939,15459,quantification_DG5965-all-reps-2-cell-dark,2-cell_DG5965_dark,2-cell,DG5965_dark
240821_DG5965_02,883,14178,quantification_DG5965-all-reps-2-cell-dark,2-cell_DG5965_dark,2-cell,DG5965_dark
240823_DG5965_17,408,11662,quantification_DG5965-all-reps-2-cell-dark,2-cell_DG5965_dark,2-cell,DG5965_dark
240823_DG5965_15,339,14453,quantification_DG5965-all-reps-2-cell-dark,2-cell_DG5965_dark,2-cell,DG5965_dark
240827_DG5965_14,1728,13758,quantification_DG5965-all-reps-2-cell-dark,2-cell_DG5965_dark,2-cell,DG5965_dark
1,655,1497,quantification_230521_N2_lin-41_set-3_rep1_2-cell,2-cell_N2,2-cell,N2
3,1079,2307,quantification_230521_N2_lin-41_set-3_rep1_2-cell,2-cell_N2,2-cell,N2
4,1260,3883,quantification_230521_N2_lin-41_set-3_rep1_2-cell,2-cell_N2,2-cell,N2
7,997,2487,quantification_230521_N2_lin-41_set-3_rep1_2-cell,2-cell_N2,2-cell,N2
9,586,3062,quantification_230521_N2_lin-41_set-3_rep1_2-cell,2-cell_N2,2-cell,N2
10,1209,1588,quantification_230521_N2_lin-41_set-3_rep1_2-cell,2-cell_N2,2-cell,N2
12,1397,3021,quantification_230521_N2_lin-41_set-3_rep1_2-cell,2-cell_N2,2-cell,N2
13,1103,1723,quantification_230521_N2_lin-41_set-3_rep1_2-cell,2-cell_N2,2-cell,N2
2,1047,5387,quantification_230601_N2_lin-41_set-3_rep2_2-cell,2-cell_N2,2-cell,N2
6,1407,2012,quantification_230601_N2_lin-41_set-3_rep2_2-cell,2-cell_N2,2-cell,N2
9,1606,3905,quantification_230601_N2_lin-41_set-3_rep2_2-cell,2-cell_N2,2-cell,N2
10,599,8427,quantification_230601_N2_lin-41_set-3_rep2_2-cell,2-cell_N2,2-cell,N2
11,1207,4605,quantification_230601_N2_lin-41_set-3_rep2_2-cell,2-cell_N2,2-cell,N2
12,1422,3122,quantification_230601_N2_lin-41_set-3_rep2_2-cell,2-cell_N2,2-cell,N2
13,1063,4655,quantification_230601_N2_lin-41_set-3_rep2_2-cell,2-cell_N2,2-cell,N2
14,1433,5493,quantification_230601_N2_lin-41_set-3_rep2_2-cell,2-cell_N2,2-cell,N2
15,1320,4340,quantification_230601_N2_lin-41_set-3_rep2_2-cell,2-cell_N2,2-cell,N2
16,1071,5818,quantification_230601_N2_lin-41_set-3_rep2_2-cell,2-cell_N2,2-cell,N2
17,1721,8933,quantification_230601_N2_lin-41_set-3_rep2_2-cell,2-cell_N2,2-cell,N2
1,584,1449,quantification_230725_N2_lin-41_set-3_rep3_2-cell,2-cell_N2,2-cell,N2
2,656,2105,quantification_230725_N2_lin-41_set-3_rep3_2-cell,2-cell_N2,2-cell,N2
3,1519,2516,quantification_230725_N2_lin-41_set-3_rep3_2-cell,2-cell_N2,2-cell,N2
4,1238,1387,quantification_230725_N2_lin-41_set-3_rep3_2-cell,2-cell_N2,2-cell,N2
5,1352,5335,quantification_230725_N2_lin-41_set-3_rep3_2-cell,2-cell_N2,2-cell,N2
6,1154,3245,quantification_230725_N2_lin-41_set-3_rep3_2-cell,2-cell_N2,2-cell,N2
9,1041,1287,quantification_230725_N2_lin-41_set-3_rep3_2-cell,2-cell_N2,2-cell,N2
10,1027,3359,quantification_230725_N2_lin-41_set-3_rep3_2-cell,2-cell_N2,2-cell,N2
11,1320,4817,quantification_230725_N2_lin-41_set-3_rep3_2-cell,2-cell_N2,2-cell,N2
14,658,3871,quantification_230725_N2_lin-41_set-3_rep3_2-cell,2-cell_N2,2-cell,N2
17,318,1941,quantification_230725_N2_lin-41_set-3_rep3_2-cell,2-cell_N2,2-cell,N2
19,1537,3159,quantification_230725_N2_lin-41_set-3_rep3_2-cell,2-cell_N2,2-cell,N2
250204_WDMP91_02,693,4087,250204_WDMP91_2-cell_Bright_combined_quantification,2-cell_wDMP91_bright,2-cell,wDMP91_bright
250204_WDMP91_11,1251,9162,250204_WDMP91_2-cell_Bright_combined_quantification,2-cell_wDMP91_bright,2-cell,wDMP91_bright
250204_WDMP91_01,938,8649,250204_WDMP91_2-cell_Bright_combined_quantification,2-cell_wDMP91_bright,2-cell,wDMP91_bright
250204_WDMP91_04,739,4683,250204_WDMP91_2-cell_Bright_combined_quantification,2-cell_wDMP91_bright,2-cell,wDMP91_bright
250205_WDMP91_09,1549,11562,250205_WDMP91_2-cell_Bright_combined_quantification,2-cell_wDMP91_bright,2-cell,wDMP91_bright
250205_WDMP91_03,1569,8566,250205_WDMP91_2-cell_Bright_combined_quantification,2-cell_wDMP91_bright,2-cell,wDMP91_bright
250205_WDMP91_05,1440,7730,250205_WDMP91_2-cell_Bright_combined_quantification,2-cell_wDMP91_bright,2-cell,wDMP91_bright
250205_WDMP91_11,1221,9998,250205_WDMP91_2-cell_Bright_combined_quantification,2-cell_wDMP91_bright,2-cell,wDMP91_bright
250205_WDMP91_01,1294,17249,250205_WDMP91_2-cell_Bright_combined_quantification,2-cell_wDMP91_bright,2-cell,wDMP91_bright
250204_WDMP91_10,10389,16641,250204_WDMP91_2-cell_Dark_combined_quantification,2-cell_wDMP91_dark,2-cell,wDMP91_dark
250204_WDMP91_05,1283,6518,250204_WDMP91_2-cell_Dark_combined_quantification,2-cell_wDMP91_dark,2-cell,wDMP91_dark
250205_WDMP91_08,2023,27221,250205_WDMP91_2-cell_Dark_combined_quantification,2-cell_wDMP91_dark,2-cell,wDMP91_dark
250205_WDMP91_02,1497,15628,250205_WDMP91_2-cell_Dark_combined_quantification,2-cell_wDMP91_dark,2-cell,wDMP91_dark
250205_WDMP91_06,1103,13615,250205_WDMP91_2-cell_Dark_combined_quantification,2-cell_wDMP91_dark,2-cell,wDMP91_dark
250205_WDMP91_04,2883,13429,250205_WDMP91_2-cell_Dark_combined_quantification,2-cell_wDMP91_dark,2-cell,wDMP91_dark
250205_WDMP91_17,1183,18983,250205_WDMP91_2-cell_Dark_combined_quantification,2-cell_wDMP91_dark,2-cell,wDMP91_dark
250205_WDMP91_10,1757,14874,250205_WDMP91_2-cell_Dark_combined_quantification,2-cell_wDMP91_dark,2-cell,wDMP91_dark
250205_WDMP91_07,1632,21929,250205_WDMP91_2-cell_Dark_combined_quantification,2-cell_wDMP91_dark,2-cell,wDMP91_dark
240702_DG5919_02,946,7188,quantification_DG5919-all-reps-4-cell,4-cell_DG5919,4-cell,DG5919
240702_DG5919_05,653,4954,quantification_DG5919-all-reps-4-cell,4-cell_DG5919,4-cell,DG5919
240702_DG5919_06,540,4719,quantification_DG5919-all-reps-4-cell,4-cell_DG5919,4-cell,DG5919
240702_DG5919_08,576,12561,quantification_DG5919-all-reps-4-cell,4-cell_DG5919,4-cell,DG5919
240702_DG5919_09,1484,9954,quantification_DG5919-all-reps-4-cell,4-cell_DG5919,4-cell,DG5919
240703_DG5919_01,541,5518,quantification_DG5919-all-reps-4-cell,4-cell_DG5919,4-cell,DG5919
240703_DG5919_07,265,4092,quantification_DG5919-all-reps-4-cell,4-cell_DG5919,4-cell,DG5919
240703_DG5919_08,172,9726,quantification_DG5919-all-reps-4-cell,4-cell_DG5919,4-cell,DG5919
240724_DG5919_04,700,7237,quantification_DG5919-all-reps-4-cell,4-cell_DG5919,4-cell,DG5919
240724_DG5919_06,741,5971,quantification_DG5919-all-reps-4-cell,4-cell_DG5919,4-cell,DG5919
240724_DG5919_07,694,5760,quantification_DG5919-all-reps-4-cell,4-cell_DG5919,4-cell,DG5919
240724_DG5919_10,1597,11781,quantification_DG5919-all-reps-4-cell,4-cell_DG5919,4-cell,DG5919
240724_DG5919_14,1302,10708,quantification_DG5919-all-reps-4-cell,4-cell_DG5919,4-cell,DG5919
240724_DG5919_15,1050,8290,quantification_DG5919-all-reps-4-cell,4-cell_DG5919,4-cell,DG5919
240726_DG5965_01,645,9431,quantification_DG5965-all-reps-4-cell-bright,4-cell_DG5965_bright,4-cell,DG5965_bright
240821_DG5965_10,522,9016,quantification_DG5965-all-reps-4-cell-bright,4-cell_DG5965_bright,4-cell,DG5965_bright
240823_DG5965_18,235,4207,quantification_DG5965-all-reps-4-cell-bright,4-cell_DG5965_bright,4-cell,DG5965_bright
240823_DG5965_11,180,8948,quantification_DG5965-all-reps-4-cell-bright,4-cell_DG5965_bright,4-cell,DG5965_bright
240823_DG5965_05,1814,6813,quantification_DG5965-all-reps-4-cell-bright,4-cell_DG5965_bright,4-cell,DG5965_bright
240823_DG5965_13,713,7316,quantification_DG5965-all-reps-4-cell-bright,4-cell_DG5965_bright,4-cell,DG5965_bright
240823_DG5965_04,5347,9652,quantification_DG5965-all-reps-4-cell-bright,4-cell_DG5965_bright,4-cell,DG5965_bright
240823_DG5965_03,11853,6913,quantification_DG5965-all-reps-4-cell-bright,4-cell_DG5965_bright,4-cell,DG5965_bright
240827_DG5965_02,1293,10840,quantification_DG5965-all-reps-4-cell-bright,4-cell_DG5965_bright,4-cell,DG5965_bright
240827_DG5965_06,1582,8670,quantification_DG5965-all-reps-4-cell-bright,4-cell_DG5965_bright,4-cell,DG5965_bright
240827_DG5965_13,1085,14240,quantification_DG5965-all-reps-4-cell-bright,4-cell_DG5965_bright,4-cell,DG5965_bright
240726_DG5965_03,46,13169,quantification_DG5965-all-reps-4-cell-dark,4-cell_DG5965_dark,4-cell,DG5965_dark
240726_DG5965_04,634567,16024,quantification_DG5965-all-reps-4-cell-dark,4-cell_DG5965_dark,4-cell,DG5965_dark
240823_DG5965_14,521,11499,quantification_DG5965-all-reps-4-cell-dark,4-cell_DG5965_dark,4-cell,DG5965_dark
240823_DG5965_09,291,11907,quantification_DG5965-all-reps-4-cell-dark,4-cell_DG5965_dark,4-cell,DG5965_dark
240823_DG5965_20,447,10787,quantification_DG5965-all-reps-4-cell-dark,4-cell_DG5965_dark,4-cell,DG5965_dark
240823_DG5965_06,168,6619,quantification_DG5965-all-reps-4-cell-dark,4-cell_DG5965_dark,4-cell,DG5965_dark
240823_DG5965_02,1755,22217,quantification_DG5965-all-reps-4-cell-dark,4-cell_DG5965_dark,4-cell,DG5965_dark
240827_DG5965_03,1019,13698,quantification_DG5965-all-reps-4-cell-dark,4-cell_DG5965_dark,4-cell,DG5965_dark
240827_DG5965_11,2195,15899,quantification_DG5965-all-reps-4-cell-dark,4-cell_DG5965_dark,4-cell,DG5965_dark
5,1191,1177,quantification_230521_N2_lin-41_set-3_rep1_4-cell,4-cell_N2,4-cell,N2
6,873,531,quantification_230521_N2_lin-41_set-3_rep1_4-cell,4-cell_N2,4-cell,N2
8,1206,1285,quantification_230521_N2_lin-41_set-3_rep1_4-cell,4-cell_N2,4-cell,N2
11,904,829,quantification_230521_N2_lin-41_set-3_rep1_4-cell,4-cell_N2,4-cell,N2
1,1293,1584,quantification_230601_N2_lin-41_set-3_rep2_4-cell,4-cell_N2,4-cell,N2
3,861,962,quantification_230601_N2_lin-41_set-3_rep2_4-cell,4-cell_N2,4-cell,N2
4,1153,1210,quantification_230601_N2_lin-41_set-3_rep2_4-cell,4-cell_N2,4-cell,N2
5,1021,689,quantification_230601_N2_lin-41_set-3_rep2_4-cell,4-cell_N2,4-cell,N2
7,1109,1083,quantification_230601_N2_lin-41_set-3_rep2_4-cell,4-cell_N2,4-cell,N2
8,1193,692,quantification_230725_N2_lin-41_set-3_rep3_4-cell,4-cell_N2,4-cell,N2
13,1364,1997,quantification_230725_N2_lin-41_set-3_rep3_4-cell,4-cell_N2,4-cell,N2
15,788,687,quantification_230725_N2_lin-41_set-3_rep3_4-cell,4-cell_N2,4-cell,N2
16,1316,1468,quantification_230725_N2_lin-41_set-3_rep3_4-cell,4-cell_N2,4-cell,N2
18,757,1130,quantification_230725_N2_lin-41_set-3_rep3_4-cell,4-cell_N2,4-cell,N2
250204_WDMP91_12,386,1481,250204_WDMP91_4-cell_Bright_combined_quantification,4-cell_wDMP91_bright,4-cell,wDMP91_bright
250204_WDMP91_24,274,15459,250204_WDMP91_4-cell_Bright_combined_quantification,4-cell_wDMP91_bright,4-cell,wDMP91_bright
250204_WDMP91_08,692,11145,250204_WDMP91_4-cell_Bright_combined_quantification,4-cell_wDMP91_bright,4-cell,wDMP91_bright
250204_WDMP91_09,738,11183,250204_WDMP91_4-cell_Bright_combined_quantification,4-cell_wDMP91_bright,4-cell,wDMP91_bright
250204_WDMP91_03,304,4069,250204_WDMP91_4-cell_Bright_combined_quantification,4-cell_wDMP91_bright,4-cell,wDMP91_bright
250207_WDMP91_02,543,2847,250207_WDMP91_4-cell_Bright_combined_quantification,4-cell_wDMP91_bright,4-cell,wDMP91_bright
250207_WDMP91_05,854,6826,250207_WDMP91_4-cell_Bright_combined_quantification,4-cell_wDMP91_bright,4-cell,wDMP91_bright
250204_WDMP91_14,1236,13133,250204_WDMP91_4-cell_Dark_combined_quantification,4-cell_wDMP91_dark,4-cell,wDMP91_dark
250205_WDMP91_12,1207,17353,250205_WDMP91_4-cell_Dark_combined_quantification,4-cell_wDMP91_dark,4-cell,wDMP91_dark
250205_WDMP91_15,1405,14285,250205_WDMP91_4-cell_Dark_combined_quantification,4-cell_wDMP91_dark,4-cell,wDMP91_dark
250205_WDMP91_16,1050,15018,250205_WDMP91_4-cell_Dark_combined_quantification,4-cell_wDMP91_dark,4-cell,wDMP91_dark
250205_WDMP91_14,1584,13648,250205_WDMP91_4-cell_Dark_combined_quantification,4-cell_wDMP91_dark,4-cell,wDMP91_dark
250205_WDMP91_13,1235,19900,250205_WDMP91_4-cell_Dark_combined_quantification,4-cell_wDMP91_dark,4-cell,wDMP91_dark