ImageID,set3_mRNA,lin41_mRNA,label,confidence,csv_name,subdirectory,confidenceInWrongLabel,confidenceInWrongPrediction,erm1_mRNA,rep,cell_stage
230521_N2_01,330,915,P1,0.59,quantification_cell_counts_230521_N2_01,2-cell_230521_N2_lin41_set3,NA,NA,NA,quantification_cell_counts_230521_N2_01,2-cell
230521_N2_01,328,585,AB,0.89,quantification_cell_counts_230521_N2_01,2-cell_230521_N2_lin41_set3,NA,NA,NA,quantification_cell_counts_230521_N2_01,2-cell
230521_N2_03,543,1377,P1,NA,quantification_cell_counts_230521_N2_03,2-cell_230521_N2_lin41_set3,0.87,NA,NA,quantification_cell_counts_230521_N2_03,2-cell
230521_N2_03,540,936,AB,NA,quantification_cell_counts_230521_N2_03,2-cell_230521_N2_lin41_set3,0.85,NA,NA,quantification_cell_counts_230521_N2_03,2-cell
230521_N2_04,759,2173,AB,0.91,quantification_cell_counts_230521_N2_04,2-cell_230521_N2_lin41_set3,NA,NA,NA,quantification_cell_counts_230521_N2_04,2-cell
230521_N2_04,502,1729,P1,0.86,quantification_cell_counts_230521_N2_04,2-cell_230521_N2_lin41_set3,NA,NA,NA,quantification_cell_counts_230521_N2_04,2-cell
230521_N2_07,539,1082,AB,NA,quantification_cell_counts_230521_N2_07,2-cell_230521_N2_lin41_set3,0.86,NA,NA,quantification_cell_counts_230521_N2_07,2-cell
230521_N2_07,461,1407,P1,NA,quantification_cell_counts_230521_N2_07,2-cell_230521_N2_lin41_set3,0.88,NA,NA,quantification_cell_counts_230521_N2_07,2-cell
230521_N2_12,578,1754,P1,0.77,quantification_cell_counts_230521_N2_12,2-cell_230521_N2_lin41_set3,NA,NA,NA,quantification_cell_counts_230521_N2_12,2-cell
230521_N2_12,803,1210,AB,0.88,quantification_cell_counts_230521_N2_12,2-cell_230521_N2_lin41_set3,NA,NA,NA,quantification_cell_counts_230521_N2_12,2-cell
230521_N2_13,627,812,AB,0.86,quantification_cell_counts_230521_N2_13,2-cell_230521_N2_lin41_set3,NA,NA,NA,quantification_cell_counts_230521_N2_13,2-cell
230521_N2_13,486,913,P1,0.76,quantification_cell_counts_230521_N2_13,2-cell_230521_N2_lin41_set3,NA,NA,NA,quantification_cell_counts_230521_N2_13,2-cell
230725_N2_01,336,522,AB,0.93,quantification_cell_counts_230725_N2_01,2-cell_230725_N2_lin41_set3,NA,NA,NA,quantification_cell_counts_230725_N2_01,2-cell
230725_N2_01,250,952,P1,0.56,quantification_cell_counts_230725_N2_01,2-cell_230725_N2_lin41_set3,NA,NA,NA,quantification_cell_counts_230725_N2_01,2-cell
230725_N2_02,386,1086,AB,0.99,quantification_cell_counts_230725_N2_02,2-cell_230725_N2_lin41_set3,NA,NA,NA,quantification_cell_counts_230725_N2_02,2-cell
230725_N2_02,270,1025,P1,0.77,quantification_cell_counts_230725_N2_02,2-cell_230725_N2_lin41_set3,NA,NA,NA,quantification_cell_counts_230725_N2_02,2-cell
230725_N2_03,838,817,AB,0.96,quantification_cell_counts_230725_N2_03,2-cell_230725_N2_lin41_set3,NA,NA,NA,quantification_cell_counts_230725_N2_03,2-cell
230725_N2_03,730,1739,P1,0.73,quantification_cell_counts_230725_N2_03,2-cell_230725_N2_lin41_set3,NA,NA,NA,quantification_cell_counts_230725_N2_03,2-cell
230725_N2_04,896,844,AB,0.77,quantification_cell_counts_230725_N2_04,2-cell_230725_N2_lin41_set3,NA,NA,NA,quantification_cell_counts_230725_N2_04,2-cell
230725_N2_04,295,501,P1,0.96,quantification_cell_counts_230725_N2_04,2-cell_230725_N2_lin41_set3,NA,NA,NA,quantification_cell_counts_230725_N2_04,2-cell
230725_N2_05,734,2798,P1,NA,quantification_cell_counts_230725_N2_05,2-cell_230725_N2_lin41_set3,NA,0.93,NA,quantification_cell_counts_230725_N2_05,2-cell
230725_N2_05,644,2635,AB,NA,quantification_cell_counts_230725_N2_05,2-cell_230725_N2_lin41_set3,NA,0.85,NA,quantification_cell_counts_230725_N2_05,2-cell
230725_N2_09,638,931,P1,0.67,quantification_cell_counts_230725_N2_09,2-cell_230725_N2_lin41_set3,NA,NA,NA,quantification_cell_counts_230725_N2_09,2-cell
230725_N2_09,916,764,AB,0.83,quantification_cell_counts_230725_N2_09,2-cell_230725_N2_lin41_set3,NA,NA,NA,quantification_cell_counts_230725_N2_09,2-cell
230725_N2_10,471,1817,P1,0.51,quantification_cell_counts_230725_N2_10,2-cell_230725_N2_lin41_set3,NA,NA,NA,quantification_cell_counts_230725_N2_10,2-cell
230725_N2_10,554,1505,AB,0.88,quantification_cell_counts_230725_N2_10,2-cell_230725_N2_lin41_set3,NA,NA,NA,quantification_cell_counts_230725_N2_10,2-cell
230725_N2_11,508,2113,P1,0.51,quantification_cell_counts_230725_N2_11,2-cell_230725_N2_lin41_set3,NA,NA,NA,quantification_cell_counts_230725_N2_11,2-cell
230725_N2_11,810,2708,AB,0.91,quantification_cell_counts_230725_N2_11,2-cell_230725_N2_lin41_set3,NA,NA,NA,quantification_cell_counts_230725_N2_11,2-cell
230725_N2_17,189,880,AB,0.9,quantification_cell_counts_230725_N2_17,2-cell_230725_N2_lin41_set3,NA,NA,NA,quantification_cell_counts_230725_N2_17,2-cell
230725_N2_17,127,1042,P1,0.93,quantification_cell_counts_230725_N2_17,2-cell_230725_N2_lin41_set3,NA,NA,NA,quantification_cell_counts_230725_N2_17,2-cell
240628_N2_erm-1_set-3_02,NA,NA,AB,0.9,quantification_cell_counts_240628_N2_erm-1_set-3_02,2-cell_240628_N2_erm-1_set-3,NA,NA,2154,quantification_cell_counts_240628_N2_erm-1_set-3_02,2-cell
240628_N2_erm-1_set-3_02,NA,NA,P1,0.96,quantification_cell_counts_240628_N2_erm-1_set-3_02,2-cell_240628_N2_erm-1_set-3,NA,NA,508,quantification_cell_counts_240628_N2_erm-1_set-3_02,2-cell
240628_N2_erm-1_set-3_05,329,NA,P1,0.88,quantification_cell_counts_240628_N2_erm-1_set-3_05,2-cell_240628_N2_erm-1_set-3,NA,NA,651,quantification_cell_counts_240628_N2_erm-1_set-3_05,2-cell
240628_N2_erm-1_set-3_05,318,NA,AB,0.89,quantification_cell_counts_240628_N2_erm-1_set-3_05,2-cell_240628_N2_erm-1_set-3,NA,NA,2069,quantification_cell_counts_240628_N2_erm-1_set-3_05,2-cell
240628_N2_erm-1_set-3_06,597,NA,AB,0.89,quantification_cell_counts_240628_N2_erm-1_set-3_06,2-cell_240628_N2_erm-1_set-3,NA,NA,2522,quantification_cell_counts_240628_N2_erm-1_set-3_06,2-cell
240628_N2_erm-1_set-3_06,252,NA,P1,0.57,quantification_cell_counts_240628_N2_erm-1_set-3_06,2-cell_240628_N2_erm-1_set-3,NA,NA,469,quantification_cell_counts_240628_N2_erm-1_set-3_06,2-cell
240628_N2_erm-1_set-3_08,380,NA,AB,0.9,quantification_cell_counts_240628_N2_erm-1_set-3_08,2-cell_240628_N2_erm-1_set-3,NA,NA,2214,quantification_cell_counts_240628_N2_erm-1_set-3_08,2-cell
240628_N2_erm-1_set-3_08,320,NA,P1,0.98,quantification_cell_counts_240628_N2_erm-1_set-3_08,2-cell_240628_N2_erm-1_set-3,NA,NA,353,quantification_cell_counts_240628_N2_erm-1_set-3_08,2-cell
240628_N2_erm-1_set-3_12,418,NA,P1,0.82,quantification_cell_counts_240628_N2_erm-1_set-3_12,2-cell_240628_N2_erm-1_set-3,NA,NA,820,quantification_cell_counts_240628_N2_erm-1_set-3_12,2-cell
240628_N2_erm-1_set-3_12,415,NA,AB,0.88,quantification_cell_counts_240628_N2_erm-1_set-3_12,2-cell_240628_N2_erm-1_set-3,NA,NA,1581,quantification_cell_counts_240628_N2_erm-1_set-3_12,2-cell
240812_N2_erm-1_set-3_02,498,NA,P1,0.91,quantification_cell_counts_240812_N2_erm-1_set-3_02,2-cell_240812_N2_erm-1_set-3,NA,NA,704,quantification_cell_counts_240812_N2_erm-1_set-3_02,2-cell
240812_N2_erm-1_set-3_02,839,NA,AB,0.86,quantification_cell_counts_240812_N2_erm-1_set-3_02,2-cell_240812_N2_erm-1_set-3,NA,NA,4376,quantification_cell_counts_240812_N2_erm-1_set-3_02,2-cell
240812_N2_erm-1_set-3_05,999,NA,AB,0.83,quantification_cell_counts_240812_N2_erm-1_set-3_05,2-cell_240812_N2_erm-1_set-3,NA,NA,3727,quantification_cell_counts_240812_N2_erm-1_set-3_05,2-cell
240812_N2_erm-1_set-3_05,618,NA,P1,0.79,quantification_cell_counts_240812_N2_erm-1_set-3_05,2-cell_240812_N2_erm-1_set-3,NA,NA,779,quantification_cell_counts_240812_N2_erm-1_set-3_05,2-cell
240812_N2_erm-1_set-3_08,564,NA,AB,0.88,quantification_cell_counts_240812_N2_erm-1_set-3_08,2-cell_240812_N2_erm-1_set-3,NA,NA,2309,quantification_cell_counts_240812_N2_erm-1_set-3_08,2-cell
240812_N2_erm-1_set-3_08,448,NA,P1,0.52,quantification_cell_counts_240812_N2_erm-1_set-3_08,2-cell_240812_N2_erm-1_set-3,NA,NA,718,quantification_cell_counts_240812_N2_erm-1_set-3_08,2-cell
240812_N2_erm-1_set-3_10,683,NA,AB,0.82,quantification_cell_counts_240812_N2_erm-1_set-3_10,2-cell_240812_N2_erm-1_set-3,NA,NA,2627,quantification_cell_counts_240812_N2_erm-1_set-3_10,2-cell
240812_N2_erm-1_set-3_10,443,NA,P1,0.86,quantification_cell_counts_240812_N2_erm-1_set-3_10,2-cell_240812_N2_erm-1_set-3,NA,NA,809,quantification_cell_counts_240812_N2_erm-1_set-3_10,2-cell
240812_N2_erm-1_set-3_12,645,NA,AB,0.9,quantification_cell_counts_240812_N2_erm-1_set-3_12,2-cell_240812_N2_erm-1_set-3,NA,NA,2852,quantification_cell_counts_240812_N2_erm-1_set-3_12,2-cell
240812_N2_erm-1_set-3_12,541,NA,P1,0.83,quantification_cell_counts_240812_N2_erm-1_set-3_12,2-cell_240812_N2_erm-1_set-3,NA,NA,751,quantification_cell_counts_240812_N2_erm-1_set-3_12,2-cell
240812_N2_erm-1_set-3_16,504,NA,AB,0.83,quantification_cell_counts_240812_N2_erm-1_set-3_16,2-cell_240812_N2_erm-1_set-3,NA,NA,3225,quantification_cell_counts_240812_N2_erm-1_set-3_16,2-cell
240812_N2_erm-1_set-3_16,334,NA,P1,0.86,quantification_cell_counts_240812_N2_erm-1_set-3_16,2-cell_240812_N2_erm-1_set-3,NA,NA,640,quantification_cell_counts_240812_N2_erm-1_set-3_16,2-cell
233060_N2_lin-41_set-3_06,656,1304,P1,0.89,quantification_cell_counts_233060_N2_lin-41_set-3_06,2-cell_30601_N2_lin41_set3,NA,NA,NA,quantification_cell_counts_233060_N2_lin-41_set-3_06,2-cell
233060_N2_lin-41_set-3_06,755,712,AB,0.91,quantification_cell_counts_233060_N2_lin-41_set-3_06,2-cell_30601_N2_lin41_set3,NA,NA,NA,quantification_cell_counts_233060_N2_lin-41_set-3_06,2-cell
233060_N2_lin-41_set-3_11,781,2537,AB,0.88,quantification_cell_counts_233060_N2_lin-41_set-3_11,2-cell_30601_N2_lin41_set3,NA,NA,NA,quantification_cell_counts_233060_N2_lin-41_set-3_11,2-cell
233060_N2_lin-41_set-3_11,424,2077,P1,0.98,quantification_cell_counts_233060_N2_lin-41_set-3_11,2-cell_30601_N2_lin41_set3,NA,NA,NA,quantification_cell_counts_233060_N2_lin-41_set-3_11,2-cell
233060_N2_lin-41_set-3_12,640,1530,AB,0.93,quantification_cell_counts_233060_N2_lin-41_set-3_12,2-cell_30601_N2_lin41_set3,NA,NA,NA,quantification_cell_counts_233060_N2_lin-41_set-3_12,2-cell
233060_N2_lin-41_set-3_12,827,1650,P1,0.85,quantification_cell_counts_233060_N2_lin-41_set-3_12,2-cell_30601_N2_lin41_set3,NA,NA,NA,quantification_cell_counts_233060_N2_lin-41_set-3_12,2-cell
233060_N2_lin-41_set-3_14,569,2295,P1,0.86,quantification_cell_counts_233060_N2_lin-41_set-3_14,2-cell_30601_N2_lin41_set3,NA,NA,NA,quantification_cell_counts_233060_N2_lin-41_set-3_14,2-cell
233060_N2_lin-41_set-3_14,902,3202,AB,0.92,quantification_cell_counts_233060_N2_lin-41_set-3_14,2-cell_30601_N2_lin41_set3,NA,NA,NA,quantification_cell_counts_233060_N2_lin-41_set-3_14,2-cell
230521_N2_05,290,109,ABa,0.71,quantification_cell_counts_230521_N2_05,4-cell_230521_N2_lin-41_set-3,NA,NA,NA,quantification_cell_counts_230521_N2_05,4-cell
230521_N2_05,260,320,EMS,0.39,quantification_cell_counts_230521_N2_05,4-cell_230521_N2_lin-41_set-3,NA,NA,NA,quantification_cell_counts_230521_N2_05,4-cell
230521_N2_05,353,164,ABb,0.77,quantification_cell_counts_230521_N2_05,4-cell_230521_N2_lin-41_set-3,NA,NA,NA,quantification_cell_counts_230521_N2_05,4-cell
230521_N2_05,334,586,P2,0.39,quantification_cell_counts_230521_N2_05,4-cell_230521_N2_lin-41_set-3,NA,NA,NA,quantification_cell_counts_230521_N2_05,4-cell
230521_N2_06,213,57,ABa,0.35,quantification_cell_counts_230521_N2_06,4-cell_230521_N2_lin-41_set-3,NA,NA,NA,quantification_cell_counts_230521_N2_06,4-cell
230521_N2_06,185,162,EMS,0.42,quantification_cell_counts_230521_N2_06,4-cell_230521_N2_lin-41_set-3,NA,NA,NA,quantification_cell_counts_230521_N2_06,4-cell
230521_N2_06,279,65,ABb,0.39,quantification_cell_counts_230521_N2_06,4-cell_230521_N2_lin-41_set-3,NA,NA,NA,quantification_cell_counts_230521_N2_06,4-cell
230521_N2_06,200,250,P2,0.72,quantification_cell_counts_230521_N2_06,4-cell_230521_N2_lin-41_set-3,NA,NA,NA,quantification_cell_counts_230521_N2_06,4-cell
230521_N2_08,210,448,P2,0.49,quantification_cell_counts_230521_N2_08,4-cell_230521_N2_lin-41_set-3,NA,NA,NA,quantification_cell_counts_230521_N2_08,4-cell
230521_N2_08,329,469,ABb,0.42,quantification_cell_counts_230521_N2_08,4-cell_230521_N2_lin-41_set-3,NA,NA,NA,quantification_cell_counts_230521_N2_08,4-cell
230521_N2_08,310,168,ABa,0.42,quantification_cell_counts_230521_N2_08,4-cell_230521_N2_lin-41_set-3,NA,NA,NA,quantification_cell_counts_230521_N2_08,4-cell
230521_N2_08,365,201,EMS,0.39,quantification_cell_counts_230521_N2_08,4-cell_230521_N2_lin-41_set-3,NA,NA,NA,quantification_cell_counts_230521_N2_08,4-cell
230521_N2_11,215,112,ABa,0.4,quantification_cell_counts_230521_N2_11,4-cell_230521_N2_lin-41_set-3,NA,NA,NA,quantification_cell_counts_230521_N2_11,4-cell
230521_N2_11,237,137,ABb,0.47,quantification_cell_counts_230521_N2_11,4-cell_230521_N2_lin-41_set-3,NA,NA,NA,quantification_cell_counts_230521_N2_11,4-cell
230521_N2_11,256,320,EMS,0.37,quantification_cell_counts_230521_N2_11,4-cell_230521_N2_lin-41_set-3,NA,NA,NA,quantification_cell_counts_230521_N2_11,4-cell
230521_N2_11,211,265,P2,0.4,quantification_cell_counts_230521_N2_11,4-cell_230521_N2_lin-41_set-3,NA,NA,NA,quantification_cell_counts_230521_N2_11,4-cell
233060_N2_lin-41_set-3_05,299,209,ABa,0.69,quantification_cell_counts_233060_N2_lin-41_set-3_05,4-cell_230601_N2_lin-41_set-3,NA,NA,NA,quantification_cell_counts_233060_N2_lin-41_set-3_05,4-cell
233060_N2_lin-41_set-3_05,165,84,EMS,0.51,quantification_cell_counts_233060_N2_lin-41_set-3_05,4-cell_230601_N2_lin-41_set-3,NA,NA,NA,quantification_cell_counts_233060_N2_lin-41_set-3_05,4-cell
233060_N2_lin-41_set-3_05,331,361,P2,0.48,quantification_cell_counts_233060_N2_lin-41_set-3_05,4-cell_230601_N2_lin-41_set-3,NA,NA,NA,quantification_cell_counts_233060_N2_lin-41_set-3_05,4-cell
233060_N2_lin-41_set-3_05,401,226,ABb,0.31,quantification_cell_counts_233060_N2_lin-41_set-3_05,4-cell_230601_N2_lin-41_set-3,NA,NA,NA,quantification_cell_counts_233060_N2_lin-41_set-3_05,4-cell
233060_N2_lin-41_set-3_07,248,159,EMS,0.41,quantification_cell_counts_233060_N2_lin-41_set-3_07,4-cell_230601_N2_lin-41_set-3,NA,NA,NA,quantification_cell_counts_233060_N2_lin-41_set-3_07,4-cell
233060_N2_lin-41_set-3_07,307,594,P2,0.68,quantification_cell_counts_233060_N2_lin-41_set-3_07,4-cell_230601_N2_lin-41_set-3,NA,NA,NA,quantification_cell_counts_233060_N2_lin-41_set-3_07,4-cell
233060_N2_lin-41_set-3_07,281,162,ABa,0.68,quantification_cell_counts_233060_N2_lin-41_set-3_07,4-cell_230601_N2_lin-41_set-3,NA,NA,NA,quantification_cell_counts_233060_N2_lin-41_set-3_07,4-cell
233060_N2_lin-41_set-3_07,281,175,ABb,0.5,quantification_cell_counts_233060_N2_lin-41_set-3_07,4-cell_230601_N2_lin-41_set-3,NA,NA,NA,quantification_cell_counts_233060_N2_lin-41_set-3_07,4-cell
233060_N2_lin-41_set-3_08,315,77,ABa,0.38,quantification_cell_counts_233060_N2_lin-41_set-3_08,4-cell_230601_N2_lin-41_set-3,NA,NA,NA,quantification_cell_counts_233060_N2_lin-41_set-3_08,4-cell
233060_N2_lin-41_set-3_08,308,114,EMS,0.45,quantification_cell_counts_233060_N2_lin-41_set-3_08,4-cell_230601_N2_lin-41_set-3,NA,NA,NA,quantification_cell_counts_233060_N2_lin-41_set-3_08,4-cell
233060_N2_lin-41_set-3_08,285,364,P2,0.47,quantification_cell_counts_233060_N2_lin-41_set-3_08,4-cell_230601_N2_lin-41_set-3,NA,NA,NA,quantification_cell_counts_233060_N2_lin-41_set-3_08,4-cell
233060_N2_lin-41_set-3_08,311,146,ABb,0.42,quantification_cell_counts_233060_N2_lin-41_set-3_08,4-cell_230601_N2_lin-41_set-3,NA,NA,NA,quantification_cell_counts_233060_N2_lin-41_set-3_08,4-cell
240812_N2_erm-1_set-3_01,756,NA,P2,0.65,quantification_cell_counts_240812_N2_erm-1_set-3_01,4-cell_240812_N2_erm-1_set-3,NA,NA,326,quantification_cell_counts_240812_N2_erm-1_set-3_01,4-cell
240812_N2_erm-1_set-3_01,249,NA,EMS,0.47,quantification_cell_counts_240812_N2_erm-1_set-3_01,4-cell_240812_N2_erm-1_set-3,NA,NA,839,quantification_cell_counts_240812_N2_erm-1_set-3_01,4-cell
240812_N2_erm-1_set-3_01,389,NA,ABb,0.63,quantification_cell_counts_240812_N2_erm-1_set-3_01,4-cell_240812_N2_erm-1_set-3,NA,NA,1283,quantification_cell_counts_240812_N2_erm-1_set-3_01,4-cell
240812_N2_erm-1_set-3_01,1380,NA,ABa,0.34,quantification_cell_counts_240812_N2_erm-1_set-3_01,4-cell_240812_N2_erm-1_set-3,NA,NA,1915,quantification_cell_counts_240812_N2_erm-1_set-3_01,4-cell
240812_N2_erm-1_set-3_09,216,NA,ABb,0.48,quantification_cell_counts_240812_N2_erm-1_set-3_09,4-cell_240812_N2_erm-1_set-3,NA,NA,1409,quantification_cell_counts_240812_N2_erm-1_set-3_09,4-cell
240812_N2_erm-1_set-3_09,270,NA,ABa,0.53,quantification_cell_counts_240812_N2_erm-1_set-3_09,4-cell_240812_N2_erm-1_set-3,NA,NA,2069,quantification_cell_counts_240812_N2_erm-1_set-3_09,4-cell
240812_N2_erm-1_set-3_09,223,NA,P2,0.52,quantification_cell_counts_240812_N2_erm-1_set-3_09,4-cell_240812_N2_erm-1_set-3,NA,NA,348,quantification_cell_counts_240812_N2_erm-1_set-3_09,4-cell
240812_N2_erm-1_set-3_09,231,NA,EMS,0.6,quantification_cell_counts_240812_N2_erm-1_set-3_09,4-cell_240812_N2_erm-1_set-3,NA,NA,738,quantification_cell_counts_240812_N2_erm-1_set-3_09,4-cell
240812_N2_erm-1_set-3_14,194,NA,ABa,0.71,quantification_cell_counts_240812_N2_erm-1_set-3_14,4-cell_240812_N2_erm-1_set-3,NA,NA,1454,quantification_cell_counts_240812_N2_erm-1_set-3_14,4-cell
240812_N2_erm-1_set-3_14,271,NA,ABb,0.34,quantification_cell_counts_240812_N2_erm-1_set-3_14,4-cell_240812_N2_erm-1_set-3,NA,NA,1784,quantification_cell_counts_240812_N2_erm-1_set-3_14,4-cell
240812_N2_erm-1_set-3_14,196,NA,EMS,0.66,quantification_cell_counts_240812_N2_erm-1_set-3_14,4-cell_240812_N2_erm-1_set-3,NA,NA,525,quantification_cell_counts_240812_N2_erm-1_set-3_14,4-cell
240812_N2_erm-1_set-3_14,272,NA,P2,0.41,quantification_cell_counts_240812_N2_erm-1_set-3_14,4-cell_240812_N2_erm-1_set-3,NA,NA,464,quantification_cell_counts_240812_N2_erm-1_set-3_14,4-cell
240812_N2_erm-1_set-3_17,197,NA,EMS,0.56,quantification_cell_counts_240812_N2_erm-1_set-3_17,4-cell_240812_N2_erm-1_set-3,NA,NA,970,quantification_cell_counts_240812_N2_erm-1_set-3_17,4-cell
240812_N2_erm-1_set-3_17,120,NA,P2,0.59,quantification_cell_counts_240812_N2_erm-1_set-3_17,4-cell_240812_N2_erm-1_set-3,NA,NA,243,quantification_cell_counts_240812_N2_erm-1_set-3_17,4-cell
240812_N2_erm-1_set-3_17,240,NA,ABa,0.58,quantification_cell_counts_240812_N2_erm-1_set-3_17,4-cell_240812_N2_erm-1_set-3,NA,NA,2184,quantification_cell_counts_240812_N2_erm-1_set-3_17,4-cell
240812_N2_erm-1_set-3_17,321,NA,ABb,0.55,quantification_cell_counts_240812_N2_erm-1_set-3_17,4-cell_240812_N2_erm-1_set-3,NA,NA,1946,quantification_cell_counts_240812_N2_erm-1_set-3_17,4-cell
240812_N2_erm-1_set-3_18,204,NA,P2,0.38,quantification_cell_counts_240812_N2_erm-1_set-3_18,4-cell_240812_N2_erm-1_set-3,NA,NA,209,quantification_cell_counts_240812_N2_erm-1_set-3_18,4-cell
240812_N2_erm-1_set-3_18,170,NA,EMS,0.45,quantification_cell_counts_240812_N2_erm-1_set-3_18,4-cell_240812_N2_erm-1_set-3,NA,NA,917,quantification_cell_counts_240812_N2_erm-1_set-3_18,4-cell
240812_N2_erm-1_set-3_18,208,NA,ABb,0.48,quantification_cell_counts_240812_N2_erm-1_set-3_18,4-cell_240812_N2_erm-1_set-3,NA,NA,947,quantification_cell_counts_240812_N2_erm-1_set-3_18,4-cell
240812_N2_erm-1_set-3_18,245,NA,ABa,0.44,quantification_cell_counts_240812_N2_erm-1_set-3_18,4-cell_240812_N2_erm-1_set-3,NA,NA,1453,quantification_cell_counts_240812_N2_erm-1_set-3_18,4-cell
